{
    "max_vert": [
        0.07333800196647644,
        0.012538000009953976,
        0.01585499942302704
    ],
    "min_vert": [
        -0.12411899864673615,
        -0.014570999890565872,
        -0.0003499999875202775
    ],
    "transform": [
        [
            0.9997661202517094,
            -0.005299101896279082,
            -0.02096722003359988
        ],
        [
            0.007607458320863618,
            0.9937246844227458,
            0.11159470483320771
        ],
        [
            0.02024429239911496,
            -0.11172811234424074,
            0.9935325850404968
        ]
    ],
    "mvbb_volume": 8.653955928032938e-05,
    "real_volume": 8.674312247547569e-05,
    "ratio": 0.9976532641512431
}