{
    "base_link_offset": [
        0.008721999824047089,
        0.024300996214151382,
        0.037946499534882605
    ],
    "bbox_size": [
        0.2689480036497116,
        0.27018599957227707,
        0.07698699901811779
    ],
    "orientations": [
        {
            "prob": 1.0,
            "variation": 1.0,
            "rotation": [
                0.0,
                0.0,
                0.0,
                1.0
            ],
            "size": [
                0.0002681889981031418,
                0.0002689480036497116,
                7.602500249049627e-05
            ]
        },
        {
            "prob": 1.0,
            "variation": 1.0,
            "rotation": [
                0.0,
                0.0,
                0.0,
                1.0
            ],
            "size": [
                0.0002681889981031418,
                0.0002689480036497116,
                7.602500249049627e-05
            ]
        }
    ],
    "link_bounding_boxes": {
        "base_link": {
            "collision": {
                "axis_aligned": {
                    "extent": [
                        0.164997,
                        0.07333200000000001,
                        0.214758
                    ],
                    "transform": [
                        [
                            1.0,
                            0.0,
                            0.0,
                            0.0
                        ],
                        [
                            0.0,
                            1.0,
                            0.0,
                            0.0
                        ],
                        [
                            0.0,
                            0.0,
                            1.0,
                            0.0
                        ],
                        [
                            0.0,
                            0.0,
                            0.0,
                            1.0
                        ]
                    ]
                },
                "oriented": {
                    "extent": [
                        [
                            0.164997,
                            0.07333200000000001,
                            0.214758
                        ]
                    ],
                    "transform": [
                        [
                            1.0,
                            0.0,
                            0.0,
                            0.0
                        ],
                        [
                            0.0,
                            0.0,
                            0.0,
                            0.0
                        ],
                        [
                            0.0,
                            0.0,
                            1.0,
                            0.0
                        ],
                        [
                            0.0,
                            0.0,
                            0.0,
                            1.0
                        ]
                    ]
                }
            },
            "visual": {
                "axis_aligned": {
                    "extent": [
                        0.164997,
                        0.07333200000000001,
                        0.214758
                    ],
                    "transform": [
                        [
                            1.0,
                            0.0,
                            0.0,
                            0.0
                        ],
                        [
                            0.0,
                            1.0,
                            0.0,
                            0.0
                        ],
                        [
                            0.0,
                            0.0,
                            1.0,
                            0.0
                        ],
                        [
                            0.0,
                            0.0,
                            0.0,
                            1.0
                        ]
                    ]
                },
                "oriented": {
                    "extent": [
                        [
                            0.164997,
                            0.07333200000000001,
                            0.214758
                        ]
                    ],
                    "transform": [
                        [
                            1.0,
                            0.0,
                            0.0,
                            0.0
                        ],
                        [
                            0.0,
                            1.0,
                            0.0,
                            0.0
                        ],
                        [
                            0.0,
                            0.0,
                            1.0,
                            0.0
                        ],
                        [
                            0.0,
                            0.0,
                            0.0,
                            1.0
                        ]
                    ]
                }
            }
        }
    }
}