{
    "max_vert": [
        0.14305700361728668,
        0.15877600014209747,
        0.0760980024933815
    ],
    "min_vert": [
        -0.1251319944858551,
        -0.11017200350761414,
        7.300000288523734e-05
    ],
    "transform": [
        [
            0.09130961609853395,
            0.9958075907910842,
            0.005458583222323952
        ],
        [
            -0.9958166403749548,
            0.09132658897945359,
            -0.0029449783897260414
        ],
        [
            -0.0034311456215602165,
            -0.00516684315947737,
            0.9999807653007577
        ]
    ],
    "mvbb_volume": 0.005446230995611047,
    "real_volume": 0.005483599470717638,
    "ratio": 0.9931854112784608
}