{
    "base_link_offset": [
        -0.019762501120567322,
        0.00272650015540421,
        0.012184000166598707
    ],
    "bbox_size": [
        0.2140910029411316,
        0.020072999875992537,
        0.022316000307910144
    ],
    "orientations": [
        {
            "prob": 1.0,
            "variation": 1.0,
            "rotation": [
                0.0,
                0.0,
                0.0,
                1.0
            ],
            "size": [
                0.00021443699300289153,
                2.0301999989897014e-05,
                2.2282000223640355e-05
            ]
        },
        {
            "prob": 1.0,
            "variation": 1.0,
            "rotation": [
                0.0,
                0.0,
                0.0,
                1.0
            ],
            "size": [
                0.00021443699300289153,
                2.0301999989897014e-05,
                2.2282000223640355e-05
            ]
        }
    ],
    "link_bounding_boxes": {
        "base_link": {
            "collision": {
                "axis_aligned": {
                    "extent": [
                        0.164997,
                        0.07333200000000001,
                        0.214758
                    ],
                    "transform": [
                        [
                            1.0,
                            0.0,
                            0.0,
                            0.0
                        ],
                        [
                            0.0,
                            1.0,
                            0.0,
                            0.0
                        ],
                        [
                            0.0,
                            0.0,
                            1.0,
                            0.0
                        ],
                        [
                            0.0,
                            0.0,
                            0.0,
                            1.0
                        ]
                    ]
                },
                "oriented": {
                    "extent": [
                        [
                            0.164997,
                            0.07333200000000001,
                            0.214758
                        ]
                    ],
                    "transform": [
                        [
                            1.0,
                            0.0,
                            0.0,
                            0.0
                        ],
                        [
                            0.0,
                            0.0,
                            0.0,
                            0.0
                        ],
                        [
                            0.0,
                            0.0,
                            1.0,
                            0.0
                        ],
                        [
                            0.0,
                            0.0,
                            0.0,
                            1.0
                        ]
                    ]
                }
            },
            "visual": {
                "axis_aligned": {
                    "extent": [
                        0.164997,
                        0.07333200000000001,
                        0.214758
                    ],
                    "transform": [
                        [
                            1.0,
                            0.0,
                            0.0,
                            0.0
                        ],
                        [
                            0.0,
                            1.0,
                            0.0,
                            0.0
                        ],
                        [
                            0.0,
                            0.0,
                            1.0,
                            0.0
                        ],
                        [
                            0.0,
                            0.0,
                            0.0,
                            1.0
                        ]
                    ]
                },
                "oriented": {
                    "extent": [
                        [
                            0.164997,
                            0.07333200000000001,
                            0.214758
                        ]
                    ],
                    "transform": [
                        [
                            1.0,
                            0.0,
                            0.0,
                            0.0
                        ],
                        [
                            0.0,
                            1.0,
                            0.0,
                            0.0
                        ],
                        [
                            0.0,
                            0.0,
                            1.0,
                            0.0
                        ],
                        [
                            0.0,
                            0.0,
                            0.0,
                            1.0
                        ]
                    ]
                }
            }
        }
    }
}