{
    "max_vert": [
        0.08800999820232391,
        0.012624000199139118,
        0.02286900021135807
    ],
    "min_vert": [
        -0.12642699480056763,
        -0.0076779997907578945,
        0.0005869999877177179
    ],
    "transform": [
        [
            0.9987883062086105,
            -0.01984398547136082,
            0.045034826762710554
        ],
        [
            -0.014489605830671708,
            -0.9931142927800233,
            -0.11624995827485787
        ],
        [
            0.047031592613972724,
            0.11545656203372268,
            -0.9921984738849112
        ]
    ],
    "mvbb_volume": 6.206351571529437e-05,
    "real_volume": 9.70046841807372e-05,
    "ratio": 0.6397991626843386
}