{
    "max_vert": [
        0.07320600003004074,
        0.07720299810171127,
        0.03783800080418587
    ],
    "min_vert": [
        -0.03569500148296356,
        -0.10150200128555298,
        0.0008989999769255519
    ],
    "transform": [
        [
            0.3201349043525877,
            -0.9239126867489519,
            0.20952085881718954
        ],
        [
            0.9473638453949875,
            0.3112891591849034,
            -0.07483851824012895
        ],
        [
            0.003922684486646199,
            0.22245090837820602,
            0.9749360009293581
        ]
    ],
    "mvbb_volume": 0.0005824167412620665,
    "real_volume": 0.0007188755618617063,
    "ratio": 0.8101774106129774
}