{
    "max_vert": [
        0.11840800195932388,
        0.12996600568294525,
        0.02357799932360649
    ],
    "min_vert": [
        -0.1416029930114746,
        -0.13064900040626526,
        -0.00305499997921288
    ],
    "transform": [
        [
            0.7798215634013788,
            -0.6259808129446722,
            -0.005133330240398076
        ],
        [
            0.6258937567171691,
            0.7798130705581078,
            -0.0121893514677648
        ],
        [
            0.011633338158013354,
            0.006292599769808635,
            0.9999125304902616
        ]
    ],
    "mvbb_volume": 0.0018790964783876802,
    "real_volume": 0.001804725727268882,
    "ratio": 1.0412088939582773
}