{
    "max_vert": [
        0.016832999885082245,
        0.03701300173997879,
        0.05842699855566025
    ],
    "min_vert": [
        -0.045416999608278275,
        -0.02575100027024746,
        -0.0003440000000409782
    ],
    "transform": [
        [
            0.669620507271853,
            0.43483164491509874,
            -0.6021044899528785
        ],
        [
            0.7425915257493905,
            -0.4060567300245403,
            0.532612202157414
        ],
        [
            -0.012891940357398084,
            -0.8037657448424927,
            -0.5948062081818029
        ]
    ],
    "mvbb_volume": 0.0002239730380584697,
    "real_volume": 0.00022962176433159886,
    "ratio": 0.975399865559034
}