{
  "ParticleFilterVelocity": {
    "num_particles" : [600, 800, 2500, 3000, 4000, 12000],
    "process_std" : [0.0175, 0.02, 0.025, 0.025, 0.0275],
    "vel_std" : [0.05, 0.1, 0.15, 0.2, 0.125, 0.4],
    "measurement_std" : [0.025, 0.0175, 0.02],
    "res_g": [0.2, 0.1, 0.4, 0.5, 0.75, 0.8, 0.9]
  },

  "ParticleFilterVelocityRot": {
    "num_particles" : [600, 800, 2500, 3000, 4000, 12000],
    "process_std" : [ 0.02, 0.025, 0.1, 0.139, 0.15],
    "vel_std" : [0.05, 0.1, 0.15, 0.2, 0.125, 0.4],
    "measurement_std" : [0.025, 0.0175, 0.02, 0.139626, 0.1, 0.15],
    "res_g": [0.2, 0.1, 0.4, 0.5, 0.75, 0.8, 0.9],
    "rotflip_const" : [0.1]
  },

  "ParticleFilterGH": {
    "num_particles" : [600, 800, 2500, 3000, 4000, 12000],
    "process_std" : [0.0175, 0.02, 0.025, 0.025, 0.0275],
    "measurement_std" : [0.025, 0.0175, 0.02],
    "g": [0.2, 0.4, 0.5, 0.75, 0.1, 0.9],
    "h": [0.25, 0.5, 0.75, 0.1, 0.9, 0.6]
  },

  "ParticleFilterGHRot": {
    "num_particles" : [600, 800, 2500, 3000, 4000, 12000],
    "process_std" : [ 0.02, 0.025, 0.1, 0.139, 0.15],
    "measurement_std" : [0.025, 0.0175, 0.02, 0.139626, 0.1, 0.15],
    "g": [0.2, 0.4, 0.5, 0.75, 0.1, 0.9],
    "h": [0.25, 0.5, 0.75, 0.1, 0.9, 0.6],
    "rotflip_const" : [0.1]
  },

  "ParticleFilterWithKalman" : {
    "num_particles" : [600, 800, 2500, 3000, 4000, 12000],
    "process_std" : [0.0175, 0.02, 0.025, 0.025, 0.0275],
    "measurement_std" : [0.025, 0.0175, 0.02],
    "Q": [0.1, 0.4, 0.7, 0.05, 1],
    "R": [0.05, 0.1, 0.15, 0.5, 0.3],
    "std_a": [0.08, 0.1, 0.12, 0.2, 0.05]
  },

  "ParticleFilterWithKalmanRot" : {
    "num_particles" : [600, 800, 2500, 3000, 4000, 12000],
    "process_std" : [ 0.02, 0.025, 0.1, 0.139, 0.15],
    "measurement_std" : [0.025, 0.0175, 0.02, 0.139626, 0.1, 0.15],
    "Q": [0.1, 0.4, 0.7, 0.05, 1],
    "R": [0.05, 0.1, 0.15, 0.5, 0.3],
    "std_a": [0.08, 0.1, 0.12, 0.2, 0.05],
    "rotflip_const" : [0.1]
  },

  "myKalmanFilter": {
    "Q": [0.05, 0.08, 0.12, 0.15, 0.02, 0.015],
    "R": [0.015, 0.02, 0.025, 0.03, 0.05, 0.01],
    "eps_max": [0.12, 0.18, 0.25, 0.4, 0.6, 0.08],
    "Q_scale_factor" : [200, 500, 1000, 1200, 100, 2000]
  },

  "myKalmanFilterRot": {
    "Q": [0.05, 0.08, 0.12, 0.15, 0.02, 0.015],
    "R": [0.015, 0.02, 0.025, 0.03, 0.05, 0.01],
    "eps_max": [0.12, 0.18, 0.25, 0.4, 0.6, 0.08],
    "Q_scale_factor" : [200, 500, 1000, 1200, 100, 2000],
    "rotflip_const": [0.1]
  }
}