	Numbero f particles	Process std	param_measurement_std	param_vel_std	param_res_g	mean_test_score
0	600	0.02	0.02	0.1	0.5	-0.0002506369308568812
1	600	0.02	0.02	0.2	0.5	-0.0003211186705557195
