	param_Q_scale_factor	param_eps_max	param_Q	param_R	mean_test_score
0	500	0.18	0.4	0.1	-0.0011109168637219349
1	1000	0.18	0.4	0.1	-0.001110916863667809
