	num_particles	process_std	vel_std	measurement_std	res_g	mean_test_score	mean_score_time
0	600	0.01	0.05	0.015	0.2	-0.003567977564382395	1.5127673149108887
1	600	0.01	0.05	0.02	0.2	-0.0035725264342371123	1.5098283290863037
