	num_particles	process_std	vel_std	measurement_std	res_g	mean_test_score	mean_score_time
1	600	0.01	0.05	0.02	0.2	-0.0035644939144468418	1.5026781558990479
0	600	0.01	0.05	0.015	0.2	-0.0035671695745295206	1.501685380935669
