{
    "max_vert": [
        0.06615599989891052,
        0.0362199991941452,
        0.02026600018143654
    ],
    "min_vert": [
        -0.1198360025882721,
        -0.04621399939060211,
        -0.00025400001322850585
    ],
    "transform": [
        [
            0.9419297665106717,
            -0.3348845207136415,
            -0.024913304629177214
        ],
        [
            -0.33564942737262055,
            -0.9411785742955014,
            -0.039017344752293744
        ],
        [
            -0.010381563734987711,
            0.04511373486513741,
            -0.9989279123444968
        ]
    ],
    "mvbb_volume": 0.00016295736367195917,
    "real_volume": 0.00031461396590496906,
    "ratio": 0.5179597263052886
}