{
    "max_vert": [
        0.04879499971866608,
        0.02930399961769581,
        0.08380100131034851
    ],
    "min_vert": [
        -0.053286001086235046,
        -0.030727000907063484,
        6.70000008540228e-05
    ],
    "transform": [
        [
            0.6284162908597115,
            -0.7767780042934276,
            -0.04133881261045764
        ],
        [
            0.04840357017990899,
            -0.013992046759985772,
            0.9987298518725197
        ],
        [
            -0.776369795764854,
            -0.6296190552019422,
            0.028805998518580664
        ]
    ],
    "mvbb_volume": 0.0009237746493177654,
    "real_volume": 0.0005131240209600923,
    "ratio": 1.8002950779605211
}