	num_particles	process_std	vel_std	measurement_std	res_g	rotflip_const	mean_test_score	mean_score_time
1	600	0.01	0.2	0.05	0.75	0.1	-0.0035812266890139603	1.5140974521636963
0	600	0.01	0.15	0.05	0.75	0.1	-0.0035874167700139124	1.7239270210266113
