	num_particles	process_std	measurement_std	Q	R	std_a	mean_test_score	mean_score_time
0	600	0.01	0.01	0.1	0.05	0.08	-0.00043979821235320206	5.366962432861328
1	600	0.01	0.02	0.1	0.05	0.08	-0.00047843162686383767	3.416656017303467
