{
    "max_vert": [
        0.08060699701309204,
        0.07863900065422058,
        0.0555259995162487
    ],
    "min_vert": [
        -0.07982899993658066,
        -0.08135899901390076,
        0.0005329999839887023
    ],
    "transform": [
        [
            -0.9983327882911486,
            -0.05762996237895615,
            -0.003229745968471889
        ],
        [
            -0.05762089566262531,
            0.9983345152279516,
            -0.0028333880087015135
        ],
        [
            0.003387654920090268,
            -0.0026425632955715834,
            -0.9999907702840919
        ]
    ],
    "mvbb_volume": 0.001407262975549436,
    "real_volume": 0.0014116394241922344,
    "ratio": 0.9968997404239381
}