{
    "max_vert": [
        0.10013899952173233,
        0.1862879991531372,
        0.0870169997215271
    ],
    "min_vert": [
        -0.16605299711227417,
        -0.25458401441574097,
        -0.00890399981290102
    ],
    "transform": [
        [
            -0.14353945205220156,
            -0.9894975785922364,
            -0.0170577743171397
        ],
        [
            0.9856918625732227,
            -0.1444838842185546,
            0.08680990299528292
        ],
        [
            -0.08836276230112323,
            -0.00435306342936742,
            0.9960788488253803
        ]
    ],
    "mvbb_volume": 0.011133561099701731,
    "real_volume": 0.011256962522827093,
    "ratio": 0.9890377690362631
}