{
    "max_vert": [
        0.031564000993967056,
        0.07987400144338608,
        0.210330992937088
    ],
    "min_vert": [
        -0.033661000430583954,
        -0.08284299820661545,
        -0.00031900001340545714
    ],
    "transform": [
        [
            -0.03806424328228014,
            -0.0013428188014301637,
            0.9992743918569182
        ],
        [
            -0.06609238442802312,
            -0.9978060479101377,
            -0.003858429028811524
        ],
        [
            0.9970872128876018,
            -0.06619129543692656,
            0.03789198205974066
        ]
    ],
    "mvbb_volume": 0.002758722885936737,
    "real_volume": 0.0022356739880628447,
    "ratio": 1.2339558006519105
}