{
    "base_link_offset": [
        0.01940399967133999,
        -0.011068496853113174,
        0.019028499227715656
    ],
    "bbox_size": [
        0.10865000262856483,
        0.17524100095033646,
        0.037552998459432274
    ],
    "orientations": [
        {
            "prob": 1.0,
            "variation": 1.0,
            "rotation": [
                0.0,
                0.0,
                0.0,
                1.0
            ],
            "size": [
                0.0001089010015130043,
                0.00017870499938726426,
                3.693900082726031e-05
            ]
        },
        {
            "prob": 1.0,
            "variation": 1.0,
            "rotation": [
                0.0,
                0.0,
                0.0,
                1.0
            ],
            "size": [
                0.0001089010015130043,
                0.00017870499938726426,
                3.693900082726031e-05
            ]
        }
    ],
    "link_bounding_boxes": {
        "base_link": {
            "collision": {
                "axis_aligned": {
                    "extent": [
                        0.164997,
                        0.07333200000000001,
                        0.214758
                    ],
                    "transform": [
                        [
                            1.0,
                            0.0,
                            0.0,
                            0.0
                        ],
                        [
                            0.0,
                            1.0,
                            0.0,
                            0.0
                        ],
                        [
                            0.0,
                            0.0,
                            1.0,
                            0.0
                        ],
                        [
                            0.0,
                            0.0,
                            0.0,
                            1.0
                        ]
                    ]
                },
                "oriented": {
                    "extent": [
                        [
                            0.164997,
                            0.07333200000000001,
                            0.214758
                        ]
                    ],
                    "transform": [
                        [
                            1.0,
                            0.0,
                            0.0,
                            0.0
                        ],
                        [
                            0.0,
                            0.0,
                            0.0,
                            0.0
                        ],
                        [
                            0.0,
                            0.0,
                            1.0,
                            0.0
                        ],
                        [
                            0.0,
                            0.0,
                            0.0,
                            1.0
                        ]
                    ]
                }
            },
            "visual": {
                "axis_aligned": {
                    "extent": [
                        0.164997,
                        0.07333200000000001,
                        0.214758
                    ],
                    "transform": [
                        [
                            1.0,
                            0.0,
                            0.0,
                            0.0
                        ],
                        [
                            0.0,
                            1.0,
                            0.0,
                            0.0
                        ],
                        [
                            0.0,
                            0.0,
                            1.0,
                            0.0
                        ],
                        [
                            0.0,
                            0.0,
                            0.0,
                            1.0
                        ]
                    ]
                },
                "oriented": {
                    "extent": [
                        [
                            0.164997,
                            0.07333200000000001,
                            0.214758
                        ]
                    ],
                    "transform": [
                        [
                            1.0,
                            0.0,
                            0.0,
                            0.0
                        ],
                        [
                            0.0,
                            1.0,
                            0.0,
                            0.0
                        ],
                        [
                            0.0,
                            0.0,
                            1.0,
                            0.0
                        ],
                        [
                            0.0,
                            0.0,
                            0.0,
                            1.0
                        ]
                    ]
                }
            }
        }
    }
}