{"aqua": [0.0, 1.0, 1.0, 1], "black": [0.0, 0.0, 0.0, 1], "blue": [0.5, 0.8, 1, 1], "fuchsia": [1.0, 0.0, 1.0, 1], "green": [0, 0.8, 0, 1], "gray": [0.2, 0.2, 0.2, 1], "lime": [0.0, 1.0, 0.0, 1], "maroon": [0.5019607843137255, 0.0, 0.0, 1], "navy": [0.0, 0.0, 0.5019607843137255, 1], "olive": [0.5019607843137255, 0.5019607843137255, 0.0, 1], "purple": [0.5019607843137255, 0.0, 0.5019607843137255, 1], "red": [1.0, 0.0, 0.0, 1], "silver": [0.7529411764705882, 0.7529411764705882, 0.7529411764705882, 1], "teal": [0.0, 0.5019607843137255, 0.5019607843137255, 1], "white": [1.0, 1.0, 1.0, 1], "yellow": [1.0, 1.0, 0.0, 1], "dark green": [0, 0.4, 0, 0.5]}