{
    "max_vert": [
        0.015262999571859837,
        0.006428000051528215,
        0.02338699996471405
    ],
    "min_vert": [
        -0.04848700016736984,
        -0.025583000853657722,
        -0.00042299999040551484
    ],
    "transform": [
        [
            0.9992884162066744,
            0.020626639637545952,
            0.03157852074463051
        ],
        [
            -0.02247059982452348,
            0.9979933675111028,
            0.05919721739554351
        ],
        [
            -0.03029411458818967,
            -0.05986468191773788,
            0.9977467045699554
        ]
    ],
    "mvbb_volume": 5.596779375301021e-05,
    "real_volume": 4.858909784612843e-05,
    "ratio": 1.1518590843206962
}