{
    "max_vert": [
        0.0217289999127388,
        0.0384799987077713,
        0.045531000941991806
    ],
    "min_vert": [
        -0.023493999615311623,
        -0.006920000072568655,
        -0.000291000003926456
    ],
    "transform": [
        [
            0.3978855819426685,
            -0.6463690824100761,
            -0.6510714807043082
        ],
        [
            0.016867562987921275,
            -0.7043910262989274,
            0.7096117018400927
        ],
        [
            -0.917279973073103,
            -0.29332625415039176,
            -0.26936436220314536
        ]
    ],
    "mvbb_volume": 0.00010556452209120132,
    "real_volume": 9.407825552529238e-05,
    "ratio": 1.122092682328925
}