{
    "max_vert": [
        0.0197720006108284,
        0.06131000071763992,
        0.052744001150131226
    ],
    "min_vert": [
        -0.04098999872803688,
        0.0019759999122470617,
        -0.0001230000052601099
    ],
    "transform": [
        [
            0.8279605537862677,
            -0.4470643934062107,
            0.3385480017992631
        ],
        [
            0.5606211921867036,
            0.6745142090963187,
            -0.48034827011068437
        ],
        [
            -0.013608829674013211,
            0.587506604112247,
            0.8091049313157096
        ]
    ],
    "mvbb_volume": 0.0001986123894852256,
    "real_volume": 0.00019059888901922634,
    "ratio": 1.0420437942069585
}