{
    "max_vert": [
        0.04739300161600113,
        0.030806999653577805,
        0.19202199578285217
    ],
    "min_vert": [
        -0.049869999289512634,
        -0.035663001239299774,
        0.0006520000169984996
    ],
    "transform": [
        [
            0.014327837743639377,
            -0.9150782874647476,
            -0.4030216382232802
        ],
        [
            0.007372203209644769,
            0.4031487341117018,
            -0.915104774768424
        ],
        [
            0.9998701734152428,
            0.01014031531644567,
            0.012522392736829927
        ]
    ],
    "mvbb_volume": 0.0010758576381923258,
    "real_volume": 0.001237220754769432,
    "ratio": 0.8695761318624355
}