{
    "base_link_offset": [
        -0.007051499560475349,
        0.028161000460386276,
        0.010288999590557069
    ],
    "bbox_size": [
        0.0969570018351078,
        0.20247600227594376,
        0.017109999083913863
    ],
    "orientations": [
        {
            "prob": 1.0,
            "variation": 1.0,
            "rotation": [
                0.0,
                0.0,
                0.0,
                1.0
            ],
            "size": [
                9.60020013153553e-05,
                0.00020152599364519117,
                1.5726000303402545e-05
            ]
        },
        {
            "prob": 1.0,
            "variation": 1.0,
            "rotation": [
                0.0,
                0.0,
                0.0,
                1.0
            ],
            "size": [
                9.60020013153553e-05,
                0.00020152599364519117,
                1.5726000303402545e-05
            ]
        }
    ],
    "link_bounding_boxes": {
        "base_link": {
            "collision": {
                "axis_aligned": {
                    "extent": [
                        0.164997,
                        0.07333200000000001,
                        0.214758
                    ],
                    "transform": [
                        [
                            1.0,
                            0.0,
                            0.0,
                            0.0
                        ],
                        [
                            0.0,
                            1.0,
                            0.0,
                            0.0
                        ],
                        [
                            0.0,
                            0.0,
                            1.0,
                            0.0
                        ],
                        [
                            0.0,
                            0.0,
                            0.0,
                            1.0
                        ]
                    ]
                },
                "oriented": {
                    "extent": [
                        [
                            0.164997,
                            0.07333200000000001,
                            0.214758
                        ]
                    ],
                    "transform": [
                        [
                            1.0,
                            0.0,
                            0.0,
                            0.0
                        ],
                        [
                            0.0,
                            0.0,
                            0.0,
                            0.0
                        ],
                        [
                            0.0,
                            0.0,
                            1.0,
                            0.0
                        ],
                        [
                            0.0,
                            0.0,
                            0.0,
                            1.0
                        ]
                    ]
                }
            },
            "visual": {
                "axis_aligned": {
                    "extent": [
                        0.164997,
                        0.07333200000000001,
                        0.214758
                    ],
                    "transform": [
                        [
                            1.0,
                            0.0,
                            0.0,
                            0.0
                        ],
                        [
                            0.0,
                            1.0,
                            0.0,
                            0.0
                        ],
                        [
                            0.0,
                            0.0,
                            1.0,
                            0.0
                        ],
                        [
                            0.0,
                            0.0,
                            0.0,
                            1.0
                        ]
                    ]
                },
                "oriented": {
                    "extent": [
                        [
                            0.164997,
                            0.07333200000000001,
                            0.214758
                        ]
                    ],
                    "transform": [
                        [
                            1.0,
                            0.0,
                            0.0,
                            0.0
                        ],
                        [
                            0.0,
                            1.0,
                            0.0,
                            0.0
                        ],
                        [
                            0.0,
                            0.0,
                            1.0,
                            0.0
                        ],
                        [
                            0.0,
                            0.0,
                            0.0,
                            1.0
                        ]
                    ]
                }
            }
        }
    }
}