{
    "max_vert": [
        0.04094700142741203,
        0.12892399728298187,
        0.017935000360012054
    ],
    "min_vert": [
        -0.05505499988794327,
        -0.07260199636220932,
        0.0022090000566095114
    ],
    "transform": [
        [
            0.24275754379510645,
            -0.9699776022279635,
            -0.014567982243862208
        ],
        [
            0.9700800997422909,
            0.24278505864777578,
            -0.00012402170487457688
        ],
        [
            0.0036571866993743056,
            -0.014102002463717137,
            0.9998938736245759
        ]
    ],
    "mvbb_volume": 0.000274795898453939,
    "real_volume": 0.0003042493349362421,
    "ratio": 0.9031930949381524
}