{
    "base_link_offset": [
        0.008221499621868134,
        0.0007739998400211334,
        0.04191649911808781
    ],
    "bbox_size": [
        0.11894699931144714,
        0.09478600323200226,
        0.08363499824190512
    ],
    "orientations": [
        {
            "prob": 1.0,
            "variation": 1.0,
            "rotation": [
                0.0,
                0.0,
                0.0,
                1.0
            ],
            "size": [
                0.00011708899959921837,
                9.250099956989289e-05,
                8.150199928786606e-05
            ]
        },
        {
            "prob": 1.0,
            "variation": 1.0,
            "rotation": [
                0.0,
                0.0,
                0.0,
                1.0
            ],
            "size": [
                0.00011708899959921837,
                9.250099956989289e-05,
                8.150199928786606e-05
            ]
        }
    ],
    "link_bounding_boxes": {
        "base_link": {
            "collision": {
                "axis_aligned": {
                    "extent": [
                        0.164997,
                        0.07333200000000001,
                        0.214758
                    ],
                    "transform": [
                        [
                            1.0,
                            0.0,
                            0.0,
                            0.0
                        ],
                        [
                            0.0,
                            1.0,
                            0.0,
                            0.0
                        ],
                        [
                            0.0,
                            0.0,
                            1.0,
                            0.0
                        ],
                        [
                            0.0,
                            0.0,
                            0.0,
                            1.0
                        ]
                    ]
                },
                "oriented": {
                    "extent": [
                        [
                            0.164997,
                            0.07333200000000001,
                            0.214758
                        ]
                    ],
                    "transform": [
                        [
                            1.0,
                            0.0,
                            0.0,
                            0.0
                        ],
                        [
                            0.0,
                            0.0,
                            0.0,
                            0.0
                        ],
                        [
                            0.0,
                            0.0,
                            1.0,
                            0.0
                        ],
                        [
                            0.0,
                            0.0,
                            0.0,
                            1.0
                        ]
                    ]
                }
            },
            "visual": {
                "axis_aligned": {
                    "extent": [
                        0.164997,
                        0.07333200000000001,
                        0.214758
                    ],
                    "transform": [
                        [
                            1.0,
                            0.0,
                            0.0,
                            0.0
                        ],
                        [
                            0.0,
                            1.0,
                            0.0,
                            0.0
                        ],
                        [
                            0.0,
                            0.0,
                            1.0,
                            0.0
                        ],
                        [
                            0.0,
                            0.0,
                            0.0,
                            1.0
                        ]
                    ]
                },
                "oriented": {
                    "extent": [
                        [
                            0.164997,
                            0.07333200000000001,
                            0.214758
                        ]
                    ],
                    "transform": [
                        [
                            1.0,
                            0.0,
                            0.0,
                            0.0
                        ],
                        [
                            0.0,
                            1.0,
                            0.0,
                            0.0
                        ],
                        [
                            0.0,
                            0.0,
                            1.0,
                            0.0
                        ],
                        [
                            0.0,
                            0.0,
                            0.0,
                            1.0
                        ]
                    ]
                }
            }
        }
    }
}