{
    "max_vert": [
        0.06676600128412247,
        0.046810999512672424,
        0.08252999931573868
    ],
    "min_vert": [
        -0.0503229983150959,
        -0.04569000005722046,
        0.001028000027872622
    ],
    "transform": [
        [
            0.6970611134995081,
            0.7073456247810357,
            0.1173369982143403
        ],
        [
            -0.021855948943077626,
            -0.14260983780772318,
            0.9895376453961986
        ],
        [
            0.7166785343113212,
            -0.6923327243916623,
            -0.0839480624779121
        ]
    ],
    "mvbb_volume": 0.0012745703440389703,
    "real_volume": 0.0008827358883636562,
    "ratio": 1.4438864000439189
}