{
    "max_vert": [
        0.029160000383853912,
        0.01862099952995777,
        0.07113199681043625
    ],
    "min_vert": [
        -0.0429840013384819,
        -0.05537699908018112,
        -0.00031599999056197703
    ],
    "transform": [
        [
            -0.26102885517429725,
            0.2647484893331046,
            0.9283168500906547
        ],
        [
            -0.8615018394314782,
            0.3699742422570375,
            -0.3477551447822315
        ],
        [
            -0.4355209724256406,
            -0.8905208012518124,
            0.13150735764684207
        ]
    ],
    "mvbb_volume": 0.0003880797367882418,
    "real_volume": 0.0003814259696629715,
    "ratio": 1.017444452277724
}